                  epoch,         train/box_loss,         train/cls_loss,         train/dfl_loss,   metrics/precision(B),      metrics/recall(B),       metrics/mAP50(B),    metrics/mAP50-95(B),           val/box_loss,           val/cls_loss,           val/dfl_loss,                 lr/pg0,                 lr/pg1,                 lr/pg2
                      1,                 1.6182,                 2.8429,                 1.8394,                0.41444,                0.27547,                0.23706,                0.11134,                 1.9629,                  2.734,                 2.1989,             0.00030229,             0.00030229,             0.00030229
                      2,                 1.6021,                 2.3644,                 1.8192,                0.27469,                0.34378,                0.25827,                0.12513,                 1.9613,                 2.6704,                 2.0991,             0.00048544,             0.00048544,             0.00048544
                      3,                 1.5413,                 2.2004,                 1.7795,                0.33159,                0.40612,                0.33197,                 0.1646,                 1.8816,                 2.4361,                  2.086,             0.00054861,             0.00054861,             0.00054861
                      4,                 1.4761,                 1.9923,                 1.7142,                0.44154,                0.43113,                0.39188,                0.19169,                 1.7706,                 2.1653,                 1.9969,             0.00036905,             0.00036905,             0.00036905
                      5,                 1.4369,                 1.8552,                 1.6822,                0.50039,                  0.456,                0.43352,                0.21874,                  1.779,                 2.0597,                 1.9734,             0.00036905,             0.00036905,             0.00036905
